version,probe,pair,matched_residual,spectral_distance_db
before,pluck-0.012,fenrir/surtr,1.3636291589189142,3.7598817197383263
before,pluck-0.012,fenrir/nidhoggr,1.5451181263193081,6.85111443718493
before,pluck-0.012,fenrir/fimbulvetr,1.6301486148816344,12.459682139687935
before,pluck-0.012,fenrir/ragnarok,1.582173486479012,7.28032329934116
before,pluck-0.012,surtr/nidhoggr,0.57985944525059,5.256407474031105
before,pluck-0.012,surtr/fimbulvetr,1.1298686921167036,11.884263307262811
before,pluck-0.012,surtr/ragnarok,0.7630967631778519,5.2591719633235625
before,pluck-0.012,nidhoggr/fimbulvetr,0.8324321480152314,7.344022454227854
before,pluck-0.012,nidhoggr/ragnarok,0.4160787764618096,4.990965258843155
before,pluck-0.012,fimbulvetr/ragnarok,0.5712265905677723,10.514131731629243
before,pluck-0.12,fenrir/surtr,1.4668805078770766,5.475344890418902
before,pluck-0.12,fenrir/nidhoggr,1.6144896711197463,11.793190308092413
before,pluck-0.12,fenrir/fimbulvetr,1.7007702057500065,11.282525060564494
before,pluck-0.12,fenrir/ragnarok,1.6812012971015304,9.234401941196317
before,pluck-0.12,surtr/nidhoggr,0.5751715390337993,6.859339745484054
before,pluck-0.12,surtr/fimbulvetr,1.2483583659105815,6.237129179636729
before,pluck-0.12,surtr/ragnarok,0.8633248090793675,5.053826135544043
before,pluck-0.12,nidhoggr/fimbulvetr,0.9397761417076137,1.644282742150516
before,pluck-0.12,nidhoggr/ragnarok,0.5337821541195282,5.191296921597442
before,pluck-0.12,fimbulvetr/ragnarok,0.6205799970032418,4.928460640279053
before,chord-0.012,fenrir/surtr,1.4228572590032436,2.9457532202683665
before,chord-0.012,fenrir/nidhoggr,1.5986093286805925,5.828132651827362
before,chord-0.012,fenrir/fimbulvetr,1.6948876606582104,9.04555289927375
before,chord-0.012,fenrir/ragnarok,1.6680560585912836,6.877479998439075
before,chord-0.012,surtr/nidhoggr,0.5522285277763826,3.8094297962078056
before,chord-0.012,surtr/fimbulvetr,1.0870871728616274,8.320066907599264
before,chord-0.012,surtr/ragnarok,0.7987835221839243,4.905843563659083
before,chord-0.012,nidhoggr/fimbulvetr,0.8096140733497873,6.0562737176494945
before,chord-0.012,nidhoggr/ragnarok,0.5281116235742729,3.290113762117636
before,chord-0.012,fimbulvetr/ragnarok,0.5617368200276537,7.847011411795132
before,chord-0.12,fenrir/surtr,1.5193354109934551,4.1544666988189425
before,chord-0.12,fenrir/nidhoggr,1.6454684019370105,6.502670350147276
before,chord-0.12,fenrir/fimbulvetr,1.7443438969510858,7.097090127441174
before,chord-0.12,fenrir/ragnarok,1.7321903216098768,7.975359418847009
before,chord-0.12,surtr/nidhoggr,0.5246813689358636,3.257271821228054
before,chord-0.12,surtr/fimbulvetr,1.0834235838753494,3.157362490400248
before,chord-0.12,surtr/ragnarok,0.8487071593001235,4.9546426873054665
before,chord-0.12,nidhoggr/fimbulvetr,0.8612324371385915,3.2011136418421717
before,chord-0.12,nidhoggr/ragnarok,0.6498837908735853,3.1779602950642722
before,chord-0.12,fimbulvetr/ragnarok,0.6027626024762035,3.995055797546972
before,driven-0.012,fenrir/surtr,1.4246981506501446,3.811294447689792
before,driven-0.012,fenrir/nidhoggr,1.5807369088171959,9.020319837863566
before,driven-0.012,fenrir/fimbulvetr,1.6636167030846558,11.757602572570153
before,driven-0.012,fenrir/ragnarok,1.6358634775984464,7.641999628234658
before,driven-0.012,surtr/nidhoggr,0.5777135174476387,6.058649403566814
before,driven-0.012,surtr/fimbulvetr,1.1764481881011257,8.81651192472825
before,driven-0.012,surtr/ragnarok,0.8392073402191955,4.987966280389464
before,driven-0.012,nidhoggr/fimbulvetr,0.8895378553429486,3.6270159611428574
before,driven-0.012,nidhoggr/ragnarok,0.5276635708908576,5.230533727677546
before,driven-0.012,fimbulvetr/ragnarok,0.5619414020618373,7.353291436195437
before,driven-0.12,fenrir/surtr,1.5188558016750748,6.4250110140426315
before,driven-0.12,fenrir/nidhoggr,1.6316096773865771,10.966958886803903
before,driven-0.12,fenrir/fimbulvetr,1.7377064506409345,9.49996169858486
before,driven-0.12,fenrir/ragnarok,1.7280168348244367,10.75173372354826
before,driven-0.12,surtr/nidhoggr,0.49522180574327446,5.479460646932712
before,driven-0.12,surtr/fimbulvetr,1.2397874521599694,3.6302752679453834
before,driven-0.12,surtr/ragnarok,0.8337560719026613,5.1434189143233136
before,driven-0.12,nidhoggr/fimbulvetr,0.9711958225157628,2.687951926666836
before,driven-0.12,nidhoggr/ragnarok,0.5423655412647397,2.9242137793568617
before,driven-0.12,fimbulvetr/ragnarok,0.6299033489505733,3.165973878077869
after,pluck-0.012,fenrir/surtr,1.3469062404417689,4.953176128936736
after,pluck-0.012,fenrir/nidhoggr,1.516837674488743,5.646419437670542
after,pluck-0.012,fenrir/fimbulvetr,1.537838945579339,8.066162010676454
after,pluck-0.012,fenrir/ragnarok,1.5804458181308034,7.344031730710195
after,pluck-0.012,surtr/nidhoggr,0.5530158116010031,5.477988350993328
after,pluck-0.012,surtr/fimbulvetr,0.6263684961492557,9.12509505519618
after,pluck-0.012,surtr/ragnarok,0.7615054451095158,5.720768081011959
after,pluck-0.012,nidhoggr/fimbulvetr,0.2854995543313241,4.427244734915137
after,pluck-0.012,nidhoggr/ragnarok,0.4539340716794285,4.314394070357041
after,pluck-0.012,fimbulvetr/ragnarok,0.3666669787237264,5.882356153361924
after,pluck-0.12,fenrir/surtr,1.4581525211656639,4.417897646114217
after,pluck-0.12,fenrir/nidhoggr,1.600881908920361,10.095968696780808
after,pluck-0.12,fenrir/fimbulvetr,1.6518512016233597,11.25557262396718
after,pluck-0.12,fenrir/ragnarok,1.6791681468802344,9.159644137092663
after,pluck-0.12,surtr/nidhoggr,0.5508348603452001,6.649632612363096
after,pluck-0.12,surtr/fimbulvetr,0.690563488687593,7.600784921081079
after,pluck-0.12,surtr/ragnarok,0.8659386279553847,5.132162845086546
after,pluck-0.12,nidhoggr/fimbulvetr,0.31787825794107516,3.100752699656177
after,pluck-0.12,nidhoggr/ragnarok,0.5621537633202512,4.208836592928302
after,pluck-0.12,fimbulvetr/ragnarok,0.38041019622023037,3.9259710127411194
after,chord-0.012,fenrir/surtr,1.4141691739163182,4.339182511849574
after,chord-0.012,fenrir/nidhoggr,1.569618492367689,5.036471069184541
after,chord-0.012,fenrir/fimbulvetr,1.6077738283818026,6.540893801611568
after,chord-0.012,fenrir/ragnarok,1.6658222427231972,6.835922306872049
after,chord-0.012,surtr/nidhoggr,0.5317964941423737,3.458084595666508
after,chord-0.012,surtr/fimbulvetr,0.6193691713147069,7.279201291961801
after,chord-0.012,surtr/ragnarok,0.7969718136841023,5.127178860763904
after,chord-0.012,nidhoggr/fimbulvetr,0.3393972457273024,4.503006722747427
after,chord-0.012,nidhoggr/ragnarok,0.5612223569229671,3.2479758558340324
after,chord-0.012,fimbulvetr/ragnarok,0.3994222965624848,4.477278715229478
after,chord-0.12,fenrir/surtr,1.5105104935831362,3.426364036648408
after,chord-0.12,fenrir/nidhoggr,1.619685039548365,5.308462497836958
after,chord-0.12,fenrir/fimbulvetr,1.6840353142404378,5.9676313305033934
after,chord-0.12,fenrir/ragnarok,1.7299127311261087,7.97980768960103
after,chord-0.12,surtr/nidhoggr,0.5199228768023014,2.1784670469399923
after,chord-0.12,surtr/fimbulvetr,0.6237733515447196,3.2349834738738172
after,chord-0.12,surtr/ragnarok,0.8423160723305367,5.107931995307372
after,chord-0.12,nidhoggr/fimbulvetr,0.4253433736789081,2.5846580504039602
after,chord-0.12,nidhoggr/ragnarok,0.6812296716405356,4.030503218855062
after,chord-0.12,fimbulvetr/ragnarok,0.4479043895580393,2.510884259868519
after,driven-0.012,fenrir/surtr,1.4119458669232727,3.676200979825023
after,driven-0.012,fenrir/nidhoggr,1.5615902588753512,7.442493233717214
after,driven-0.012,fenrir/fimbulvetr,1.6001391388991346,9.55330174299804
after,driven-0.012,fenrir/ragnarok,1.634704376908701,7.630491851521672
after,driven-0.012,surtr/nidhoggr,0.5558877272082612,6.118482571448011
after,driven-0.012,surtr/fimbulvetr,0.6436828770095481,8.215565994531467
after,driven-0.012,surtr/ragnarok,0.8380262392873303,5.141342945403956
after,driven-0.012,nidhoggr/fimbulvetr,0.28501099949093445,3.5938466356932794
after,driven-0.012,nidhoggr/ragnarok,0.558114625244413,4.573717749546647
after,driven-0.012,fimbulvetr/ragnarok,0.4048951644484044,4.9624565356963215
after,driven-0.12,fenrir/surtr,1.5082153652735908,5.423479988654554
after,driven-0.12,fenrir/nidhoggr,1.6188700631450559,9.356365034691452
after,driven-0.12,fenrir/fimbulvetr,1.6867456001918346,10.536185044871443
after,driven-0.12,fenrir/ragnarok,1.7239718014601324,10.884196374043999
after,driven-0.12,surtr/nidhoggr,0.4798881838250644,4.907013773266184
after,driven-0.12,surtr/fimbulvetr,0.6825768986371831,5.6910517829465075
after,driven-0.12,surtr/ragnarok,0.8369191229852148,5.973145514384669
after,driven-0.12,nidhoggr/fimbulvetr,0.3957723152368148,3.3768726962393383
after,driven-0.12,nidhoggr/ragnarok,0.5746631125731255,3.0779096343471966
after,driven-0.12,fimbulvetr/ragnarok,0.3289281383897671,1.3994480705235108
