kind,family_or_state,model_id,name,variant,scope,gain_group,hz,growth_24db_input_db,thd_at_minus36_ratio
Original,default,,default,digital_equal,amp_head,authored,100,0.778480017264247,0.17601464467098174
Original,default,,default,digital_equal,amp_head,authored,400,0.6197740855547842,0.3998834903386092
Original,default,,default,digital_equal,amp_head,authored,1200,0.42288965214892116,0.34644269186134413
Original,gain_max,,gain_max,digital_equal,amp_head,authored,100,-0.00035416750360894866,0.16713231134980425
Original,gain_max,,gain_max,digital_equal,amp_head,authored,400,0.288027811534473,0.4135643442536305
Original,gain_max,,gain_max,digital_equal,amp_head,authored,1200,0.14771211336776702,0.35285483842891624
Original,fenrir,,fenrir,digital_equal,amp_head,authored,100,2.171684487172609,0.1541281367835536
Original,fenrir,,fenrir,digital_equal,amp_head,authored,400,1.0286169566250472,0.3817543530429029
Original,fenrir,,fenrir,digital_equal,amp_head,authored,1200,0.7507723993629316,0.3373366255897395
Original,surtr,,surtr,digital_equal,amp_head,authored,100,-0.10885602488214374,0.20897480769245128
Original,surtr,,surtr,digital_equal,amp_head,authored,400,0.18875982508515676,0.4203516468080141
Original,surtr,,surtr,digital_equal,amp_head,authored,1200,0.08191219848031217,0.3613485451531177
Original,nidhoggr,,nidhoggr,digital_equal,amp_head,authored,100,1.2388169363449144,0.15575501611229078
Original,nidhoggr,,nidhoggr,digital_equal,amp_head,authored,400,0.8469898188189333,0.3878225772294929
Original,nidhoggr,,nidhoggr,digital_equal,amp_head,authored,1200,0.6512750801168661,0.33704053372916776
Original,fimbulvetr,,fimbulvetr,digital_equal,amp_head,authored,100,3.228699701131271,0.11502975713751264
Original,fimbulvetr,,fimbulvetr,digital_equal,amp_head,authored,400,1.7378205810114444,0.34439207901346025
Original,fimbulvetr,,fimbulvetr,digital_equal,amp_head,authored,1200,1.5538056021831785,0.304841200351301
Original,ragnarok,,ragnarok,digital_equal,amp_head,authored,100,-0.01723678032203857,0.21387660248293106
Original,ragnarok,,ragnarok,digital_equal,amp_head,authored,400,0.2766300573893421,0.4170700184959341
Original,ragnarok,,ragnarok,digital_equal,amp_head,authored,1200,0.1358127144211192,0.35700457724586193
Original,clank_0,,clank_0,digital_equal,amp_head,authored,100,0.4847956534232676,0.17542357584496995
Original,clank_0,,clank_0,digital_equal,amp_head,authored,400,0.595398588778437,0.4009581245837518
Original,clank_0,,clank_0,digital_equal,amp_head,authored,1200,0.419677595201156,0.34652541038208257
Original,clank_1,,clank_1,digital_equal,amp_head,authored,100,1.1578865386689525,0.17549469050654742
Original,clank_1,,clank_1,digital_equal,amp_head,authored,400,0.6643205796998117,0.3978790065937325
Original,clank_1,,clank_1,digital_equal,amp_head,authored,1200,0.42916274031932033,0.3462797439548672
Original,crush_0,,crush_0,digital_equal,amp_head,authored,100,19.467646011679687,0.0065686441087973646
Original,crush_0,,crush_0,digital_equal,amp_head,authored,400,15.42403430977718,0.04405090941119919
Original,crush_0,,crush_0,digital_equal,amp_head,authored,1200,15.04665083991474,0.04699012374558085
Original,crush_1,,crush_1,digital_equal,amp_head,authored,100,-0.14063835160766658,0.23310907323501984
Original,crush_1,,crush_1,digital_equal,amp_head,authored,400,0.15787076272000178,0.42262995477784016
Original,crush_1,,crush_1,digital_equal,amp_head,authored,1200,0.06239765351259585,0.36369295247237554
Original,impact_0,,impact_0,digital_equal,amp_head,authored,100,0.9347400875162428,0.16136670895209962
Original,impact_0,,impact_0,digital_equal,amp_head,authored,400,0.627347576219563,0.39553166159134434
Original,impact_0,,impact_0,digital_equal,amp_head,authored,1200,0.45422361819912993,0.3440469069622337
Original,impact_1,,impact_1,digital_equal,amp_head,authored,100,0.6928838319103665,0.1881553522249429
Original,impact_1,,impact_1,digital_equal,amp_head,authored,400,0.60601994777155,0.4013792442085305
Original,impact_1,,impact_1,digital_equal,amp_head,authored,1200,0.404583157613974,0.3476095577963152
Original,rot_0,,rot_0,digital_equal,amp_head,authored,100,0.7808697946068932,0.1738870790596993
Original,rot_0,,rot_0,digital_equal,amp_head,authored,400,0.6184865681888159,0.3999522717077522
Original,rot_0,,rot_0,digital_equal,amp_head,authored,1200,0.42173504450161126,0.3464864785406383
Original,rot_1,,rot_1,digital_equal,amp_head,authored,100,0.7135297759350507,0.18562377446265518
Original,rot_1,,rot_1,digital_equal,amp_head,authored,400,0.6144752078452029,0.4025053907257151
Original,rot_1,,rot_1,digital_equal,amp_head,authored,1200,0.41587589689499005,0.34796422824497514
Original,bloom_0,,bloom_0,digital_equal,amp_head,authored,100,0.7808580341516098,0.1826925139140063
Original,bloom_0,,bloom_0,digital_equal,amp_head,authored,400,0.6099834426659427,0.4018091668678005
Original,bloom_0,,bloom_0,digital_equal,amp_head,authored,1200,0.4068444082322902,0.3502651130148233
Original,bloom_1,,bloom_1,digital_equal,amp_head,authored,100,0.7660826387399098,0.16947626841813548
Original,bloom_1,,bloom_1,digital_equal,amp_head,authored,400,0.6267944725006913,0.3969106828729232
Original,bloom_1,,bloom_1,digital_equal,amp_head,authored,1200,0.4448315193775869,0.3403986781007116
NAM,meshuggah,735033,Fortin unboosted bright,digital_equal,amp_cab,mid_gain_noon,100,-0.11985817670921506,0.14998566950933695
NAM,meshuggah,735033,Fortin unboosted bright,digital_equal,amp_cab,mid_gain_noon,400,0.5335616544126331,0.9491601280482729
NAM,meshuggah,735033,Fortin unboosted bright,digital_equal,amp_cab,mid_gain_noon,1200,-0.06433450259593698,0.7103806339598101
NAM,meshuggah,735012,Fortin Meshuggah,digital_equal,amp_cab,mid_gain_noon,100,-0.03147778784810029,0.18794655230256915
NAM,meshuggah,735012,Fortin Meshuggah,digital_equal,amp_cab,mid_gain_noon,400,0.11023883899472153,0.6251725038615643
NAM,meshuggah,735012,Fortin Meshuggah,digital_equal,amp_cab,mid_gain_noon,1200,-0.2341777415386197,0.42911925528661155
NAM,meshuggah,734757,Fortin boosted st 9 orange cab,digital_equal,amp_cab,boosted_context,100,-0.40042201363893426,0.2418382259258622
NAM,meshuggah,734757,Fortin boosted st 9 orange cab,digital_equal,amp_cab,boosted_context,400,-0.07549585717371343,0.8727912088570338
NAM,meshuggah,734757,Fortin boosted st 9 orange cab,digital_equal,amp_cab,boosted_context,1200,0.17135586052335583,0.42084654006284117
NAM,meshuggah,734756,Fortin boosted st9,digital_equal,amp_cab,boosted_context,100,-0.42612788827137926,0.14250796532864018
NAM,meshuggah,734756,Fortin boosted st9,digital_equal,amp_cab,boosted_context,400,-0.06789979697472504,0.8023570845231905
NAM,meshuggah,734756,Fortin boosted st9,digital_equal,amp_cab,boosted_context,1200,0.08598442502438886,0.812855727355904
NAM,meshuggah,734717,Fortin mids,digital_equal,amp_cab,mid_gain_noon,100,-0.23620971909392807,0.11526107605359687
NAM,meshuggah,734717,Fortin mids,digital_equal,amp_cab,mid_gain_noon,400,0.3635271071519135,0.7096976550445783
NAM,meshuggah,734717,Fortin mids,digital_equal,amp_cab,mid_gain_noon,1200,-0.02548752336951665,1.026895678355276
NAM,meshuggah,734449,Fortin slight scoop,digital_equal,amp_cab,mid_gain_noon,100,-0.03886705874521468,0.1864474061527052
NAM,meshuggah,734449,Fortin slight scoop,digital_equal,amp_cab,mid_gain_noon,400,0.16746614588724995,0.6118135757673486
NAM,meshuggah,734449,Fortin slight scoop,digital_equal,amp_cab,mid_gain_noon,1200,-0.17450699574951756,0.419056374885824
NAM,meshuggah,420066,Fortin Meshuggah  2,digital_equal,amp_cab,heavy_context,100,7.676992680433047,0.07100583065372323
NAM,meshuggah,420066,Fortin Meshuggah  2,digital_equal,amp_cab,heavy_context,400,0.4367130713342604,0.6359436476768466
NAM,meshuggah,420066,Fortin Meshuggah  2,digital_equal,amp_cab,heavy_context,1200,-0.5745095258753103,1.0131368474643627
NAM,meshuggah,420065,Fortin Meshuggah 1,digital_equal,amp_cab,heavy_context,100,12.923372345132961,0.02186649121556486
NAM,meshuggah,420065,Fortin Meshuggah 1,digital_equal,amp_cab,heavy_context,400,0.5286294925054058,0.9149223835931073
NAM,meshuggah,420065,Fortin Meshuggah 1,digital_equal,amp_cab,heavy_context,1200,0.08541430034119557,1.1416277671008808
NAM,vh4,569473,[AMP] DiZLVH4-CH3 Potty Time - DI,digital_equal,amp_head,high_gain,100,0.09078181657854323,0.18432353685689973
NAM,vh4,569473,[AMP] DiZLVH4-CH3 Potty Time - DI,digital_equal,amp_head,high_gain,400,-0.48851217715229467,0.7864419538810612
NAM,vh4,569473,[AMP] DiZLVH4-CH3 Potty Time - DI,digital_equal,amp_head,high_gain,1200,-0.3435255820751628,0.6876649127328848
NAM,vh4,569473,[AMP] DiZLVH4-CH3 Potty Time - DI,metadata_11_5_dbu,amp_head,high_gain,100,4.774791581337464,0.15499405606530373
NAM,vh4,569473,[AMP] DiZLVH4-CH3 Potty Time - DI,metadata_11_5_dbu,amp_head,high_gain,400,-0.32511565634443684,0.7659730884445463
NAM,vh4,569473,[AMP] DiZLVH4-CH3 Potty Time - DI,metadata_11_5_dbu,amp_head,high_gain,1200,-0.8667276351416362,0.6505829883971587
NAM,vh4,569474,[AMP] DiZLVH4-CH3 Physics - DI,digital_equal,amp_head,high_gain,100,-1.0281785459145585,0.1141680364918242
NAM,vh4,569474,[AMP] DiZLVH4-CH3 Physics - DI,digital_equal,amp_head,high_gain,400,-0.37409557017857864,0.8982205249677577
NAM,vh4,569474,[AMP] DiZLVH4-CH3 Physics - DI,digital_equal,amp_head,high_gain,1200,-0.14077079313369012,0.7939865835336218
NAM,vh4,569474,[AMP] DiZLVH4-CH3 Physics - DI,metadata_11_5_dbu,amp_head,high_gain,100,3.264505759545809,0.10312567908983325
NAM,vh4,569474,[AMP] DiZLVH4-CH3 Physics - DI,metadata_11_5_dbu,amp_head,high_gain,400,-0.49628935689763054,0.8903834983116309
NAM,vh4,569474,[AMP] DiZLVH4-CH3 Physics - DI,metadata_11_5_dbu,amp_head,high_gain,1200,-0.7247929565004441,0.7561508639764073
NAM,vh4,569477,[AMP] DiZLVH4-CH4 Lead the Way - DI,digital_equal,amp_head,high_gain,100,8.89884843274631,0.25222675365202246
NAM,vh4,569477,[AMP] DiZLVH4-CH4 Lead the Way - DI,digital_equal,amp_head,high_gain,400,-0.6048148955952524,0.6503400511769365
NAM,vh4,569477,[AMP] DiZLVH4-CH4 Lead the Way - DI,digital_equal,amp_head,high_gain,1200,-0.5350297025587025,0.5275149090870666
NAM,vh4,569477,[AMP] DiZLVH4-CH4 Lead the Way - DI,metadata_11_5_dbu,amp_head,high_gain,100,17.06247048663402,0.2544552815598293
NAM,vh4,569477,[AMP] DiZLVH4-CH4 Lead the Way - DI,metadata_11_5_dbu,amp_head,high_gain,400,0.04407071056419909,0.6073781286748771
NAM,vh4,569477,[AMP] DiZLVH4-CH4 Lead the Way - DI,metadata_11_5_dbu,amp_head,high_gain,1200,-0.8136444431164644,0.5082496417723987
NAM,twinjet,652432,Uberschall Twin Jet CH1 + Merciless Drive,digital_equal,amp_head,boosted_context,100,12.783183043140196,0.026894447969732352
NAM,twinjet,652432,Uberschall Twin Jet CH1 + Merciless Drive,digital_equal,amp_head,boosted_context,400,1.9825256372461517,0.6272314705064547
NAM,twinjet,652432,Uberschall Twin Jet CH1 + Merciless Drive,digital_equal,amp_head,boosted_context,1200,0.30785271033694883,0.8897789026001778
NAM,twinjet,652433,Uberschall Twin Jet CH1,digital_equal,amp_head,context,100,15.053997903043316,0.009635756888761839
NAM,twinjet,652433,Uberschall Twin Jet CH1,digital_equal,amp_head,context,400,7.774275694704368,0.5050918210187316
NAM,twinjet,652433,Uberschall Twin Jet CH1,digital_equal,amp_head,context,1200,2.307107608787618,0.8184447228207491
NAM,twinjet,652434,Uberschall Twin Jet CH2 v1 + Merciless Drive,digital_equal,amp_head,boosted_context,100,6.444961773211885,0.062155305796887085
NAM,twinjet,652434,Uberschall Twin Jet CH2 v1 + Merciless Drive,digital_equal,amp_head,boosted_context,400,1.2846767810457393,0.6446526823123849
NAM,twinjet,652434,Uberschall Twin Jet CH2 v1 + Merciless Drive,digital_equal,amp_head,boosted_context,1200,0.42613052449467403,0.7875150144791702
NAM,twinjet,652435,Uberschall Twin Jet CH2 v2 + ST9Pro+,digital_equal,amp_head,boosted_context,100,3.0811366765945056,0.10445541179952117
NAM,twinjet,652435,Uberschall Twin Jet CH2 v2 + ST9Pro+,digital_equal,amp_head,boosted_context,400,1.061715198506569,0.6239268152458733
NAM,twinjet,652435,Uberschall Twin Jet CH2 v2 + ST9Pro+,digital_equal,amp_head,boosted_context,1200,0.24837655396716585,0.7935307930316908
NAM,twinjet,652436,Uberschall Twin Jet CH2 v2,digital_equal,amp_head,high_gain,100,1.6756183079052107,0.1111792445519472
NAM,twinjet,652436,Uberschall Twin Jet CH2 v2,digital_equal,amp_head,high_gain,400,1.5207188276650072,0.6060089861181855
NAM,twinjet,652436,Uberschall Twin Jet CH2 v2,digital_equal,amp_head,high_gain,1200,0.6210688868525054,0.7848200726554647
NAM,twinjet,652437,Uberschall Twin Jet CH2 v1,digital_equal,amp_head,high_gain,100,1.420709390110071,0.10031427021254503
NAM,twinjet,652437,Uberschall Twin Jet CH2 v1,digital_equal,amp_head,high_gain,400,1.5785719978621557,0.6495192284581323
NAM,twinjet,652437,Uberschall Twin Jet CH2 v1,digital_equal,amp_head,high_gain,1200,0.517126851090886,0.7951393574347027
NAM,granophyre,403977,amp omega test nam 1(2),digital_equal,amp_head,unspecified_gain,100,3.704849981553311,0.07684612906594045
NAM,granophyre,403977,amp omega test nam 1(2),digital_equal,amp_head,unspecified_gain,400,1.7802209879398525,1.065185934045832
NAM,granophyre,403977,amp omega test nam 1(2),digital_equal,amp_head,unspecified_gain,1200,-0.12861238199603164,0.841368143047208
NAM,granophyre,421075,Omega Granophyre  2000 epochs ,digital_equal,amp_head,unspecified_gain,100,3.9597189201016114,0.05404791272656821
NAM,granophyre,421075,Omega Granophyre  2000 epochs ,digital_equal,amp_head,unspecified_gain,400,2.074879927705293,0.9999475095037652
NAM,granophyre,421075,Omega Granophyre  2000 epochs ,digital_equal,amp_head,unspecified_gain,1200,0.37552467259033406,0.7983263012742423
NAM,granophyre,421074,Omega test 100 epochs,digital_equal,amp_head,unspecified_gain,100,3.3865772860348073,0.06422833562530454
NAM,granophyre,421074,Omega test 100 epochs,digital_equal,amp_head,unspecified_gain,400,2.5986328660804254,0.9941739617384524
NAM,granophyre,421074,Omega test 100 epochs,digital_equal,amp_head,unspecified_gain,1200,0.38819082410336847,0.8216711928986563
NAM,matamp,614727,Voice 3 Gain 10 Bass 10 Mid 7 Treble 6.5 Presence 6 Master 4,digital_equal,amp_head,high_gain,100,1.36486026884657,0.22372137186676774
NAM,matamp,614727,Voice 3 Gain 10 Bass 10 Mid 7 Treble 6.5 Presence 6 Master 4,digital_equal,amp_head,high_gain,400,1.1153367495819424,0.4305127269431456
NAM,matamp,614727,Voice 3 Gain 10 Bass 10 Mid 7 Treble 6.5 Presence 6 Master 4,digital_equal,amp_head,high_gain,1200,0.6039172445692991,0.9542465026693372
NAM,matamp,614703,Voice 3 Gain 4 Bass 10 Mid 7 Treble 6.5 Presence 6 Master 4,digital_equal,amp_head,context,100,23.624803362381883,0.006558442003859213
NAM,matamp,614703,Voice 3 Gain 4 Bass 10 Mid 7 Treble 6.5 Presence 6 Master 4,digital_equal,amp_head,context,400,23.368927492867098,0.012358743647828407
NAM,matamp,614703,Voice 3 Gain 4 Bass 10 Mid 7 Treble 6.5 Presence 6 Master 4,digital_equal,amp_head,context,1200,22.52399328613428,0.06914552962916407
NAM,matamp,561845,Matamp GT1 mkIII 2025 MV-mode Max Gain Voice 4 - Torpedo Captor,digital_equal,amp_head,high_gain,100,0.5660915792769181,0.2454329623466357
NAM,matamp,561845,Matamp GT1 mkIII 2025 MV-mode Max Gain Voice 4 - Torpedo Captor,digital_equal,amp_head,high_gain,400,0.8861579237145456,0.3840688566214702
NAM,matamp,561845,Matamp GT1 mkIII 2025 MV-mode Max Gain Voice 4 - Torpedo Captor,digital_equal,amp_head,high_gain,1200,0.8870163269667906,0.747791104550642
NAM,matamp,561843,Matamp GT1 mkIII 2025 MV-mode Half Gain Voice 4 - Torpedo Captor,digital_equal,amp_head,context,100,23.56497910738244,0.010814293740646363
NAM,matamp,561843,Matamp GT1 mkIII 2025 MV-mode Half Gain Voice 4 - Torpedo Captor,digital_equal,amp_head,context,400,22.882664495150088,0.020106139676950855
NAM,matamp,561843,Matamp GT1 mkIII 2025 MV-mode Half Gain Voice 4 - Torpedo Captor,digital_equal,amp_head,context,1200,22.34983888244453,0.053772088219609
NAM,matamp,543855,(Auto A2) Matamp GT1 mkIII 2025 MV-mode Half Gain Voice 4 - Torpedo Captor,digital_equal,amp_head,context,100,23.51777622792471,0.021903132929625445
NAM,matamp,543855,(Auto A2) Matamp GT1 mkIII 2025 MV-mode Half Gain Voice 4 - Torpedo Captor,digital_equal,amp_head,context,400,22.64687114901731,0.016621019672812678
NAM,matamp,543855,(Auto A2) Matamp GT1 mkIII 2025 MV-mode Half Gain Voice 4 - Torpedo Captor,digital_equal,amp_head,context,1200,22.508413982528786,0.06108809434159973
NAM,matamp,543854,(Auto A2) Matamp GT1 mkIII 2025 MV-mode Max Gain Voice 4 - Torpedo Captor,digital_equal,amp_head,high_gain,100,0.47564634178795373,0.2512491973088113
NAM,matamp,543854,(Auto A2) Matamp GT1 mkIII 2025 MV-mode Max Gain Voice 4 - Torpedo Captor,digital_equal,amp_head,high_gain,400,0.8002721077014314,0.3839613612058014
NAM,matamp,543854,(Auto A2) Matamp GT1 mkIII 2025 MV-mode Max Gain Voice 4 - Torpedo Captor,digital_equal,amp_head,high_gain,1200,0.8752453968140621,0.7307519072926322
