rate,block,channels,analyzer,p50_us,p99_us,budget_us
48000,64,1,0,9.033,30.997,1333.33
48000,64,1,1,9.193,47.171,1333.33
48000,64,2,0,10.807,62.855,1333.33
48000,64,2,1,10.926,31.688,1333.33
48000,128,1,0,17.727,31.758,2666.67
48000,128,1,1,17.907,37.978,2666.67
48000,128,2,0,21.162,56.876,2666.67
48000,128,2,1,21.332,45.659,2666.67
48000,512,1,0,69.024,158.359,10666.7
48000,512,1,1,70.286,116.726,10666.7
48000,512,2,0,83.296,175.765,10666.7
48000,512,2,1,84.007,187.463,10666.7
96000,64,1,0,9.024,24.167,666.667
96000,64,1,1,9.193,27.431,666.667
96000,64,2,0,10.827,22.113,666.667
96000,64,2,1,10.906,25.048,666.667
96000,128,1,0,17.587,33.521,1333.33
96000,128,1,1,17.927,31.748,1333.33
96000,128,2,0,21.182,64.348,1333.33
96000,128,2,1,21.362,77.457,1333.33
96000,512,1,0,68.954,123.046,5333.33
96000,512,1,1,70.296,144.237,5333.33
96000,512,2,0,83.395,180.662,5333.33
96000,512,2,1,84.087,214.273,5333.33
