id,stage,hard_gate,before,after,classification,existing_evidence,missing_requirement,next_step
A1.01,A1,False,BLOCKED,BLOCKED,UNDEFINED_NUMBERED_ASSERTION,"Windows InstallerVerification.json/txt, MSIX, Defender; platform package receipts; assembly source/manifest/sums",Six numbered installer assertions are not defined. Concrete receipts already own A13; do not assign arbitrary A1 IDs.,"Recover the six original assertions, then map each exact receipt predicate; preserve all existing package identity checks."
A1.02,A1,False,BLOCKED,BLOCKED,UNDEFINED_NUMBERED_ASSERTION,"Windows InstallerVerification.json/txt, MSIX, Defender; platform package receipts; assembly source/manifest/sums",Six numbered installer assertions are not defined. Concrete receipts already own A13; do not assign arbitrary A1 IDs.,"Recover the six original assertions, then map each exact receipt predicate; preserve all existing package identity checks."
A1.03,A1,False,BLOCKED,BLOCKED,UNDEFINED_NUMBERED_ASSERTION,"Windows InstallerVerification.json/txt, MSIX, Defender; platform package receipts; assembly source/manifest/sums",Six numbered installer assertions are not defined. Concrete receipts already own A13; do not assign arbitrary A1 IDs.,"Recover the six original assertions, then map each exact receipt predicate; preserve all existing package identity checks."
A1.04,A1,True,BLOCKED,BLOCKED,UNDEFINED_NUMBERED_ASSERTION,"Windows InstallerVerification.json/txt, MSIX, Defender; platform package receipts; assembly source/manifest/sums",Six numbered installer assertions are not defined. Concrete receipts already own A13; do not assign arbitrary A1 IDs.,"Recover the six original assertions, then map each exact receipt predicate; preserve all existing package identity checks."
A1.05,A1,True,BLOCKED,BLOCKED,UNDEFINED_NUMBERED_ASSERTION,"Windows InstallerVerification.json/txt, MSIX, Defender; platform package receipts; assembly source/manifest/sums",Six numbered installer assertions are not defined. Concrete receipts already own A13; do not assign arbitrary A1 IDs.,"Recover the six original assertions, then map each exact receipt predicate; preserve all existing package identity checks."
A1.06,A1,True,BLOCKED,BLOCKED,UNDEFINED_NUMBERED_ASSERTION,"Windows InstallerVerification.json/txt, MSIX, Defender; platform package receipts; assembly source/manifest/sums",Six numbered installer assertions are not defined. Concrete receipts already own A13; do not assign arbitrary A1 IDs.,"Recover the six original assertions, then map each exact receipt predicate; preserve all existing package identity checks."
A10.01,A10,False,BLOCKED,BLOCKED,UNDEFINED_NUMBERED_ASSERTION,Signature benchmark policy and synthetic evaluator tests; no measured real-DI benchmark bundle,Six numbered hard/secondary assertions absent; evaluator correctness does not prove that real renders meet gates.,Recover assertions; separate calculator regression from actual measured acceptance.
A10.02,A10,False,BLOCKED,BLOCKED,UNDEFINED_NUMBERED_ASSERTION,Signature benchmark policy and synthetic evaluator tests; no measured real-DI benchmark bundle,Six numbered hard/secondary assertions absent; evaluator correctness does not prove that real renders meet gates.,Recover assertions; separate calculator regression from actual measured acceptance.
A10.03,A10,False,BLOCKED,BLOCKED,UNDEFINED_NUMBERED_ASSERTION,Signature benchmark policy and synthetic evaluator tests; no measured real-DI benchmark bundle,Six numbered hard/secondary assertions absent; evaluator correctness does not prove that real renders meet gates.,Recover assertions; separate calculator regression from actual measured acceptance.
A10.04,A10,False,BLOCKED,BLOCKED,UNDEFINED_NUMBERED_ASSERTION,Signature benchmark policy and synthetic evaluator tests; no measured real-DI benchmark bundle,Six numbered hard/secondary assertions absent; evaluator correctness does not prove that real renders meet gates.,Recover assertions; separate calculator regression from actual measured acceptance.
A10.05,A10,False,BLOCKED,BLOCKED,UNDEFINED_NUMBERED_ASSERTION,Signature benchmark policy and synthetic evaluator tests; no measured real-DI benchmark bundle,Six numbered hard/secondary assertions absent; evaluator correctness does not prove that real renders meet gates.,Recover assertions; separate calculator regression from actual measured acceptance.
A10.06,A10,False,BLOCKED,BLOCKED,UNDEFINED_NUMBERED_ASSERTION,Signature benchmark policy and synthetic evaluator tests; no measured real-DI benchmark bundle,Six numbered hard/secondary assertions absent; evaluator correctness does not prove that real renders meet gates.,Recover assertions; separate calculator regression from actual measured acceptance.
A11.01,A11,False,BLOCKED,BLOCKED,UNDEFINED_NUMBERED_ASSERTION,Signature benchmark serializer/evaluator source and synthetic snapshots,"Nine numbered JSON assertions absent; no bound, complete actual benchmark result document for these IDs.",Recover schema/field assertions and produce source/fixture-bound benchmark JSON evidence.
A11.02,A11,False,BLOCKED,BLOCKED,UNDEFINED_NUMBERED_ASSERTION,Signature benchmark serializer/evaluator source and synthetic snapshots,"Nine numbered JSON assertions absent; no bound, complete actual benchmark result document for these IDs.",Recover schema/field assertions and produce source/fixture-bound benchmark JSON evidence.
A11.03,A11,False,BLOCKED,BLOCKED,UNDEFINED_NUMBERED_ASSERTION,Signature benchmark serializer/evaluator source and synthetic snapshots,"Nine numbered JSON assertions absent; no bound, complete actual benchmark result document for these IDs.",Recover schema/field assertions and produce source/fixture-bound benchmark JSON evidence.
A11.04,A11,False,BLOCKED,BLOCKED,UNDEFINED_NUMBERED_ASSERTION,Signature benchmark serializer/evaluator source and synthetic snapshots,"Nine numbered JSON assertions absent; no bound, complete actual benchmark result document for these IDs.",Recover schema/field assertions and produce source/fixture-bound benchmark JSON evidence.
A11.05,A11,False,BLOCKED,BLOCKED,UNDEFINED_NUMBERED_ASSERTION,Signature benchmark serializer/evaluator source and synthetic snapshots,"Nine numbered JSON assertions absent; no bound, complete actual benchmark result document for these IDs.",Recover schema/field assertions and produce source/fixture-bound benchmark JSON evidence.
A11.06,A11,False,BLOCKED,BLOCKED,UNDEFINED_NUMBERED_ASSERTION,Signature benchmark serializer/evaluator source and synthetic snapshots,"Nine numbered JSON assertions absent; no bound, complete actual benchmark result document for these IDs.",Recover schema/field assertions and produce source/fixture-bound benchmark JSON evidence.
A11.07,A11,False,BLOCKED,BLOCKED,UNDEFINED_NUMBERED_ASSERTION,Signature benchmark serializer/evaluator source and synthetic snapshots,"Nine numbered JSON assertions absent; no bound, complete actual benchmark result document for these IDs.",Recover schema/field assertions and produce source/fixture-bound benchmark JSON evidence.
A11.08,A11,False,BLOCKED,BLOCKED,UNDEFINED_NUMBERED_ASSERTION,Signature benchmark serializer/evaluator source and synthetic snapshots,"Nine numbered JSON assertions absent; no bound, complete actual benchmark result document for these IDs.",Recover schema/field assertions and produce source/fixture-bound benchmark JSON evidence.
A11.09,A11,False,BLOCKED,BLOCKED,UNDEFINED_NUMBERED_ASSERTION,Signature benchmark serializer/evaluator source and synthetic snapshots,"Nine numbered JSON assertions absent; no bound, complete actual benchmark result document for these IDs.",Recover schema/field assertions and produce source/fixture-bound benchmark JSON evidence.
A14.01,A14,False,BLOCKED,BLOCKED,UNDEFINED_NUMBERED_ASSERTION,Embedded manual presence smoke and workflow catalog contract test,Seven numbered documentation assertions absent; manual presence/catalog counts do not establish content/language synchronization.,Recover documentation acceptance definitions and emit exact-source sync/check receipts.
A14.02,A14,False,BLOCKED,BLOCKED,UNDEFINED_NUMBERED_ASSERTION,Embedded manual presence smoke and workflow catalog contract test,Seven numbered documentation assertions absent; manual presence/catalog counts do not establish content/language synchronization.,Recover documentation acceptance definitions and emit exact-source sync/check receipts.
A14.03,A14,False,BLOCKED,BLOCKED,UNDEFINED_NUMBERED_ASSERTION,Embedded manual presence smoke and workflow catalog contract test,Seven numbered documentation assertions absent; manual presence/catalog counts do not establish content/language synchronization.,Recover documentation acceptance definitions and emit exact-source sync/check receipts.
A14.04,A14,False,BLOCKED,BLOCKED,UNDEFINED_NUMBERED_ASSERTION,Embedded manual presence smoke and workflow catalog contract test,Seven numbered documentation assertions absent; manual presence/catalog counts do not establish content/language synchronization.,Recover documentation acceptance definitions and emit exact-source sync/check receipts.
A14.05,A14,False,BLOCKED,BLOCKED,UNDEFINED_NUMBERED_ASSERTION,Embedded manual presence smoke and workflow catalog contract test,Seven numbered documentation assertions absent; manual presence/catalog counts do not establish content/language synchronization.,Recover documentation acceptance definitions and emit exact-source sync/check receipts.
A14.06,A14,False,BLOCKED,BLOCKED,UNDEFINED_NUMBERED_ASSERTION,Embedded manual presence smoke and workflow catalog contract test,Seven numbered documentation assertions absent; manual presence/catalog counts do not establish content/language synchronization.,Recover documentation acceptance definitions and emit exact-source sync/check receipts.
A14.07,A14,False,BLOCKED,BLOCKED,UNDEFINED_NUMBERED_ASSERTION,Embedded manual presence smoke and workflow catalog contract test,Seven numbered documentation assertions absent; manual presence/catalog counts do not establish content/language synchronization.,Recover documentation acceptance definitions and emit exact-source sync/check receipts.
A2.01,A2,False,BLOCKED,BLOCKED,UNDEFINED_NUMBERED_ASSERTION,ChimeraTests / FactoryPresetTests.h structural signature assertions,Eight numbered signature-definition assertions are absent; a structural preset check does not establish audio acceptance.,"Recover the numbered definition, then identify per-assertion source and runtime receipt."
A2.02,A2,False,BLOCKED,BLOCKED,UNDEFINED_NUMBERED_ASSERTION,ChimeraTests / FactoryPresetTests.h structural signature assertions,Eight numbered signature-definition assertions are absent; a structural preset check does not establish audio acceptance.,"Recover the numbered definition, then identify per-assertion source and runtime receipt."
A2.03,A2,False,BLOCKED,BLOCKED,UNDEFINED_NUMBERED_ASSERTION,ChimeraTests / FactoryPresetTests.h structural signature assertions,Eight numbered signature-definition assertions are absent; a structural preset check does not establish audio acceptance.,"Recover the numbered definition, then identify per-assertion source and runtime receipt."
A2.04,A2,False,BLOCKED,BLOCKED,UNDEFINED_NUMBERED_ASSERTION,ChimeraTests / FactoryPresetTests.h structural signature assertions,Eight numbered signature-definition assertions are absent; a structural preset check does not establish audio acceptance.,"Recover the numbered definition, then identify per-assertion source and runtime receipt."
A2.05,A2,False,BLOCKED,BLOCKED,UNDEFINED_NUMBERED_ASSERTION,ChimeraTests / FactoryPresetTests.h structural signature assertions,Eight numbered signature-definition assertions are absent; a structural preset check does not establish audio acceptance.,"Recover the numbered definition, then identify per-assertion source and runtime receipt."
A2.06,A2,False,BLOCKED,BLOCKED,UNDEFINED_NUMBERED_ASSERTION,ChimeraTests / FactoryPresetTests.h structural signature assertions,Eight numbered signature-definition assertions are absent; a structural preset check does not establish audio acceptance.,"Recover the numbered definition, then identify per-assertion source and runtime receipt."
A2.07,A2,False,BLOCKED,BLOCKED,UNDEFINED_NUMBERED_ASSERTION,ChimeraTests / FactoryPresetTests.h structural signature assertions,Eight numbered signature-definition assertions are absent; a structural preset check does not establish audio acceptance.,"Recover the numbered definition, then identify per-assertion source and runtime receipt."
A2.08,A2,False,BLOCKED,BLOCKED,UNDEFINED_NUMBERED_ASSERTION,ChimeraTests / FactoryPresetTests.h structural signature assertions,Eight numbered signature-definition assertions are absent; a structural preset check does not establish audio acceptance.,"Recover the numbered definition, then identify per-assertion source and runtime receipt."
A3.01,A3,True,BLOCKED,BLOCKED,UNDEFINED_NUMBERED_ASSERTION,Windows ChimeraUITests factory recall; ChimeraIntegratedProcessorTests synthetic snapshots,Nine numbered APVTS assertions are absent. Guitar synthetic snapshots do not automatically certify every Deadwire Bass requirement.,Recover the assertion inventory and check target preset/control/bank coverage before assigning IDs.
A3.02,A3,False,BLOCKED,BLOCKED,UNDEFINED_NUMBERED_ASSERTION,Windows ChimeraUITests factory recall; ChimeraIntegratedProcessorTests synthetic snapshots,Nine numbered APVTS assertions are absent. Guitar synthetic snapshots do not automatically certify every Deadwire Bass requirement.,Recover the assertion inventory and check target preset/control/bank coverage before assigning IDs.
A3.03,A3,False,BLOCKED,BLOCKED,UNDEFINED_NUMBERED_ASSERTION,Windows ChimeraUITests factory recall; ChimeraIntegratedProcessorTests synthetic snapshots,Nine numbered APVTS assertions are absent. Guitar synthetic snapshots do not automatically certify every Deadwire Bass requirement.,Recover the assertion inventory and check target preset/control/bank coverage before assigning IDs.
A3.04,A3,False,BLOCKED,BLOCKED,UNDEFINED_NUMBERED_ASSERTION,Windows ChimeraUITests factory recall; ChimeraIntegratedProcessorTests synthetic snapshots,Nine numbered APVTS assertions are absent. Guitar synthetic snapshots do not automatically certify every Deadwire Bass requirement.,Recover the assertion inventory and check target preset/control/bank coverage before assigning IDs.
A3.05,A3,False,BLOCKED,BLOCKED,UNDEFINED_NUMBERED_ASSERTION,Windows ChimeraUITests factory recall; ChimeraIntegratedProcessorTests synthetic snapshots,Nine numbered APVTS assertions are absent. Guitar synthetic snapshots do not automatically certify every Deadwire Bass requirement.,Recover the assertion inventory and check target preset/control/bank coverage before assigning IDs.
A3.06,A3,True,BLOCKED,BLOCKED,UNDEFINED_NUMBERED_ASSERTION,Windows ChimeraUITests factory recall; ChimeraIntegratedProcessorTests synthetic snapshots,Nine numbered APVTS assertions are absent. Guitar synthetic snapshots do not automatically certify every Deadwire Bass requirement.,Recover the assertion inventory and check target preset/control/bank coverage before assigning IDs.
A3.07,A3,True,BLOCKED,BLOCKED,UNDEFINED_NUMBERED_ASSERTION,Windows ChimeraUITests factory recall; ChimeraIntegratedProcessorTests synthetic snapshots,Nine numbered APVTS assertions are absent. Guitar synthetic snapshots do not automatically certify every Deadwire Bass requirement.,Recover the assertion inventory and check target preset/control/bank coverage before assigning IDs.
A3.08,A3,True,BLOCKED,BLOCKED,UNDEFINED_NUMBERED_ASSERTION,Windows ChimeraUITests factory recall; ChimeraIntegratedProcessorTests synthetic snapshots,Nine numbered APVTS assertions are absent. Guitar synthetic snapshots do not automatically certify every Deadwire Bass requirement.,Recover the assertion inventory and check target preset/control/bank coverage before assigning IDs.
A3.09,A3,False,BLOCKED,BLOCKED,UNDEFINED_NUMBERED_ASSERTION,Windows ChimeraUITests factory recall; ChimeraIntegratedProcessorTests synthetic snapshots,Nine numbered APVTS assertions are absent. Guitar synthetic snapshots do not automatically certify every Deadwire Bass requirement.,Recover the assertion inventory and check target preset/control/bank coverage before assigning IDs.
A4.01,A4,True,BLOCKED,BLOCKED,UNDEFINED_NUMBERED_ASSERTION,"Windows ChimeraUITests host IDs/ranges, complete factory recall and compatibility state",Five numbered compatibility assertions are absent; do not infer an index-to-test assignment from the stage title.,"Recover original IDs, then bind exact factory/state sub-suite receipts."
A4.02,A4,False,BLOCKED,BLOCKED,UNDEFINED_NUMBERED_ASSERTION,"Windows ChimeraUITests host IDs/ranges, complete factory recall and compatibility state",Five numbered compatibility assertions are absent; do not infer an index-to-test assignment from the stage title.,"Recover original IDs, then bind exact factory/state sub-suite receipts."
A4.03,A4,True,BLOCKED,BLOCKED,UNDEFINED_NUMBERED_ASSERTION,"Windows ChimeraUITests host IDs/ranges, complete factory recall and compatibility state",Five numbered compatibility assertions are absent; do not infer an index-to-test assignment from the stage title.,"Recover original IDs, then bind exact factory/state sub-suite receipts."
A4.04,A4,True,BLOCKED,BLOCKED,UNDEFINED_NUMBERED_ASSERTION,"Windows ChimeraUITests host IDs/ranges, complete factory recall and compatibility state",Five numbered compatibility assertions are absent; do not infer an index-to-test assignment from the stage title.,"Recover original IDs, then bind exact factory/state sub-suite receipts."
A4.05,A4,True,BLOCKED,BLOCKED,UNDEFINED_NUMBERED_ASSERTION,"Windows ChimeraUITests host IDs/ranges, complete factory recall and compatibility state",Five numbered compatibility assertions are absent; do not infer an index-to-test assignment from the stage title.,"Recover original IDs, then bind exact factory/state sub-suite receipts."
A5.01,A5,True,BLOCKED,BLOCKED,UNDEFINED_NUMBERED_ASSERTION,ChimeraIRCollectionTests metadata/hash rejection; installer companion WAV fixtures,Eight numbered assertions absent; no executed import of the original approved Hartke ZIP/WAV pack is shown. Companion/synthetic fixtures do not replace private-pack evidence.,Recover requirements; obtain exact approved-pack input and source-bound import/decode/menu/rig evidence where required.
A5.02,A5,False,BLOCKED,BLOCKED,UNDEFINED_NUMBERED_ASSERTION,ChimeraIRCollectionTests metadata/hash rejection; installer companion WAV fixtures,Eight numbered assertions absent; no executed import of the original approved Hartke ZIP/WAV pack is shown. Companion/synthetic fixtures do not replace private-pack evidence.,Recover requirements; obtain exact approved-pack input and source-bound import/decode/menu/rig evidence where required.
A5.03,A5,False,BLOCKED,BLOCKED,UNDEFINED_NUMBERED_ASSERTION,ChimeraIRCollectionTests metadata/hash rejection; installer companion WAV fixtures,Eight numbered assertions absent; no executed import of the original approved Hartke ZIP/WAV pack is shown. Companion/synthetic fixtures do not replace private-pack evidence.,Recover requirements; obtain exact approved-pack input and source-bound import/decode/menu/rig evidence where required.
A5.04,A5,False,BLOCKED,BLOCKED,UNDEFINED_NUMBERED_ASSERTION,ChimeraIRCollectionTests metadata/hash rejection; installer companion WAV fixtures,Eight numbered assertions absent; no executed import of the original approved Hartke ZIP/WAV pack is shown. Companion/synthetic fixtures do not replace private-pack evidence.,Recover requirements; obtain exact approved-pack input and source-bound import/decode/menu/rig evidence where required.
A5.05,A5,True,BLOCKED,BLOCKED,UNDEFINED_NUMBERED_ASSERTION,ChimeraIRCollectionTests metadata/hash rejection; installer companion WAV fixtures,Eight numbered assertions absent; no executed import of the original approved Hartke ZIP/WAV pack is shown. Companion/synthetic fixtures do not replace private-pack evidence.,Recover requirements; obtain exact approved-pack input and source-bound import/decode/menu/rig evidence where required.
A5.06,A5,False,BLOCKED,BLOCKED,UNDEFINED_NUMBERED_ASSERTION,ChimeraIRCollectionTests metadata/hash rejection; installer companion WAV fixtures,Eight numbered assertions absent; no executed import of the original approved Hartke ZIP/WAV pack is shown. Companion/synthetic fixtures do not replace private-pack evidence.,Recover requirements; obtain exact approved-pack input and source-bound import/decode/menu/rig evidence where required.
A5.07,A5,False,BLOCKED,BLOCKED,UNDEFINED_NUMBERED_ASSERTION,ChimeraIRCollectionTests metadata/hash rejection; installer companion WAV fixtures,Eight numbered assertions absent; no executed import of the original approved Hartke ZIP/WAV pack is shown. Companion/synthetic fixtures do not replace private-pack evidence.,Recover requirements; obtain exact approved-pack input and source-bound import/decode/menu/rig evidence where required.
A5.08,A5,True,BLOCKED,BLOCKED,UNDEFINED_NUMBERED_ASSERTION,ChimeraIRCollectionTests metadata/hash rejection; installer companion WAV fixtures,Eight numbered assertions absent; no executed import of the original approved Hartke ZIP/WAV pack is shown. Companion/synthetic fixtures do not replace private-pack evidence.,Recover requirements; obtain exact approved-pack input and source-bound import/decode/menu/rig evidence where required.
A6.01,A6,True,BLOCKED,BLOCKED,UNDEFINED_NUMBERED_ASSERTION,ChimeraIRCollectionTests metadata/hash rejection; installer companion WAV fixtures,Eight numbered assertions absent; no executed import of the original approved Marshall ZIP/WAV pack is shown. Companion/synthetic fixtures do not replace private-pack evidence.,Recover requirements; obtain exact approved-pack input and source-bound import/decode/menu/rig evidence where required.
A6.02,A6,False,BLOCKED,BLOCKED,UNDEFINED_NUMBERED_ASSERTION,ChimeraIRCollectionTests metadata/hash rejection; installer companion WAV fixtures,Eight numbered assertions absent; no executed import of the original approved Marshall ZIP/WAV pack is shown. Companion/synthetic fixtures do not replace private-pack evidence.,Recover requirements; obtain exact approved-pack input and source-bound import/decode/menu/rig evidence where required.
A6.03,A6,False,BLOCKED,BLOCKED,UNDEFINED_NUMBERED_ASSERTION,ChimeraIRCollectionTests metadata/hash rejection; installer companion WAV fixtures,Eight numbered assertions absent; no executed import of the original approved Marshall ZIP/WAV pack is shown. Companion/synthetic fixtures do not replace private-pack evidence.,Recover requirements; obtain exact approved-pack input and source-bound import/decode/menu/rig evidence where required.
A6.04,A6,False,BLOCKED,BLOCKED,UNDEFINED_NUMBERED_ASSERTION,ChimeraIRCollectionTests metadata/hash rejection; installer companion WAV fixtures,Eight numbered assertions absent; no executed import of the original approved Marshall ZIP/WAV pack is shown. Companion/synthetic fixtures do not replace private-pack evidence.,Recover requirements; obtain exact approved-pack input and source-bound import/decode/menu/rig evidence where required.
A6.05,A6,True,BLOCKED,BLOCKED,UNDEFINED_NUMBERED_ASSERTION,ChimeraIRCollectionTests metadata/hash rejection; installer companion WAV fixtures,Eight numbered assertions absent; no executed import of the original approved Marshall ZIP/WAV pack is shown. Companion/synthetic fixtures do not replace private-pack evidence.,Recover requirements; obtain exact approved-pack input and source-bound import/decode/menu/rig evidence where required.
A6.06,A6,False,BLOCKED,BLOCKED,UNDEFINED_NUMBERED_ASSERTION,ChimeraIRCollectionTests metadata/hash rejection; installer companion WAV fixtures,Eight numbered assertions absent; no executed import of the original approved Marshall ZIP/WAV pack is shown. Companion/synthetic fixtures do not replace private-pack evidence.,Recover requirements; obtain exact approved-pack input and source-bound import/decode/menu/rig evidence where required.
A6.07,A6,False,BLOCKED,BLOCKED,UNDEFINED_NUMBERED_ASSERTION,ChimeraIRCollectionTests metadata/hash rejection; installer companion WAV fixtures,Eight numbered assertions absent; no executed import of the original approved Marshall ZIP/WAV pack is shown. Companion/synthetic fixtures do not replace private-pack evidence.,Recover requirements; obtain exact approved-pack input and source-bound import/decode/menu/rig evidence where required.
A6.08,A6,True,BLOCKED,BLOCKED,UNDEFINED_NUMBERED_ASSERTION,ChimeraIRCollectionTests metadata/hash rejection; installer companion WAV fixtures,Eight numbered assertions absent; no executed import of the original approved Marshall ZIP/WAV pack is shown. Companion/synthetic fixtures do not replace private-pack evidence.,Recover requirements; obtain exact approved-pack input and source-bound import/decode/menu/rig evidence where required.
A7.01,A7,True,BLOCKED,BLOCKED,UNDEFINED_NUMBERED_ASSERTION,ChimeraIRCollectionTests expected hash rejection and integrity sidecar fields; Windows missing/mismatch fallback,Seven numbered chain-of-trust assertions absent; synthetic integrity unit tests do not attest every original pack/capture.,Recover per-ID assertions; distinguish rejection-path tests from actual approved-pack provenance.
A7.02,A7,True,BLOCKED,BLOCKED,UNDEFINED_NUMBERED_ASSERTION,ChimeraIRCollectionTests expected hash rejection and integrity sidecar fields; Windows missing/mismatch fallback,Seven numbered chain-of-trust assertions absent; synthetic integrity unit tests do not attest every original pack/capture.,Recover per-ID assertions; distinguish rejection-path tests from actual approved-pack provenance.
A7.03,A7,True,BLOCKED,BLOCKED,UNDEFINED_NUMBERED_ASSERTION,ChimeraIRCollectionTests expected hash rejection and integrity sidecar fields; Windows missing/mismatch fallback,Seven numbered chain-of-trust assertions absent; synthetic integrity unit tests do not attest every original pack/capture.,Recover per-ID assertions; distinguish rejection-path tests from actual approved-pack provenance.
A7.04,A7,True,BLOCKED,BLOCKED,UNDEFINED_NUMBERED_ASSERTION,ChimeraIRCollectionTests expected hash rejection and integrity sidecar fields; Windows missing/mismatch fallback,Seven numbered chain-of-trust assertions absent; synthetic integrity unit tests do not attest every original pack/capture.,Recover per-ID assertions; distinguish rejection-path tests from actual approved-pack provenance.
A7.05,A7,True,BLOCKED,BLOCKED,UNDEFINED_NUMBERED_ASSERTION,ChimeraIRCollectionTests expected hash rejection and integrity sidecar fields; Windows missing/mismatch fallback,Seven numbered chain-of-trust assertions absent; synthetic integrity unit tests do not attest every original pack/capture.,Recover per-ID assertions; distinguish rejection-path tests from actual approved-pack provenance.
A7.06,A7,True,BLOCKED,BLOCKED,UNDEFINED_NUMBERED_ASSERTION,ChimeraIRCollectionTests expected hash rejection and integrity sidecar fields; Windows missing/mismatch fallback,Seven numbered chain-of-trust assertions absent; synthetic integrity unit tests do not attest every original pack/capture.,Recover per-ID assertions; distinguish rejection-path tests from actual approved-pack provenance.
A7.07,A7,True,BLOCKED,BLOCKED,UNDEFINED_NUMBERED_ASSERTION,ChimeraIRCollectionTests expected hash rejection and integrity sidecar fields; Windows missing/mismatch fallback,Seven numbered chain-of-trust assertions absent; synthetic integrity unit tests do not attest every original pack/capture.,Recover per-ID assertions; distinguish rejection-path tests from actual approved-pack provenance.
A8.01,A8,True,BLOCKED,BLOCKED,UNDEFINED_NUMBERED_ASSERTION,Windows ChimeraUITests checkFactoryPresets: missing/hash-mismatched Signature IR -> cab=0 Filters only,"Four numbered fallback assertions absent, so coverage cannot be assigned to IDs safely.",Recover the original fallback cases and bind each to its executed predicate.
A8.02,A8,True,BLOCKED,BLOCKED,UNDEFINED_NUMBERED_ASSERTION,Windows ChimeraUITests checkFactoryPresets: missing/hash-mismatched Signature IR -> cab=0 Filters only,"Four numbered fallback assertions absent, so coverage cannot be assigned to IDs safely.",Recover the original fallback cases and bind each to its executed predicate.
A8.03,A8,True,BLOCKED,BLOCKED,UNDEFINED_NUMBERED_ASSERTION,Windows ChimeraUITests checkFactoryPresets: missing/hash-mismatched Signature IR -> cab=0 Filters only,"Four numbered fallback assertions absent, so coverage cannot be assigned to IDs safely.",Recover the original fallback cases and bind each to its executed predicate.
A8.04,A8,False,BLOCKED,BLOCKED,UNDEFINED_NUMBERED_ASSERTION,Windows ChimeraUITests checkFactoryPresets: missing/hash-mismatched Signature IR -> cab=0 Filters only,"Four numbered fallback assertions absent, so coverage cannot be assigned to IDs safely.",Recover the original fallback cases and bind each to its executed predicate.
A9.01,A9,False,BLOCKED,BLOCKED,UNDEFINED_NUMBERED_ASSERTION,Workflow invokes test_signature_benchmark.py; source and policy available,Nine numbered calculator assertions absent; no per-check raw calculator receipt in the hashed bundles.,Recover assertions and preserve executed calculator input/output/test receipts.
A9.02,A9,False,BLOCKED,BLOCKED,UNDEFINED_NUMBERED_ASSERTION,Workflow invokes test_signature_benchmark.py; source and policy available,Nine numbered calculator assertions absent; no per-check raw calculator receipt in the hashed bundles.,Recover assertions and preserve executed calculator input/output/test receipts.
A9.03,A9,False,BLOCKED,BLOCKED,UNDEFINED_NUMBERED_ASSERTION,Workflow invokes test_signature_benchmark.py; source and policy available,Nine numbered calculator assertions absent; no per-check raw calculator receipt in the hashed bundles.,Recover assertions and preserve executed calculator input/output/test receipts.
A9.04,A9,False,BLOCKED,BLOCKED,UNDEFINED_NUMBERED_ASSERTION,Workflow invokes test_signature_benchmark.py; source and policy available,Nine numbered calculator assertions absent; no per-check raw calculator receipt in the hashed bundles.,Recover assertions and preserve executed calculator input/output/test receipts.
A9.05,A9,False,BLOCKED,BLOCKED,UNDEFINED_NUMBERED_ASSERTION,Workflow invokes test_signature_benchmark.py; source and policy available,Nine numbered calculator assertions absent; no per-check raw calculator receipt in the hashed bundles.,Recover assertions and preserve executed calculator input/output/test receipts.
A9.06,A9,False,BLOCKED,BLOCKED,UNDEFINED_NUMBERED_ASSERTION,Workflow invokes test_signature_benchmark.py; source and policy available,Nine numbered calculator assertions absent; no per-check raw calculator receipt in the hashed bundles.,Recover assertions and preserve executed calculator input/output/test receipts.
A9.07,A9,False,BLOCKED,BLOCKED,UNDEFINED_NUMBERED_ASSERTION,Workflow invokes test_signature_benchmark.py; source and policy available,Nine numbered calculator assertions absent; no per-check raw calculator receipt in the hashed bundles.,Recover assertions and preserve executed calculator input/output/test receipts.
A9.08,A9,False,BLOCKED,BLOCKED,UNDEFINED_NUMBERED_ASSERTION,Workflow invokes test_signature_benchmark.py; source and policy available,Nine numbered calculator assertions absent; no per-check raw calculator receipt in the hashed bundles.,Recover assertions and preserve executed calculator input/output/test receipts.
A9.09,A9,False,BLOCKED,BLOCKED,UNDEFINED_NUMBERED_ASSERTION,Workflow invokes test_signature_benchmark.py; source and policy available,Nine numbered calculator assertions absent; no per-check raw calculator receipt in the hashed bundles.,Recover assertions and preserve executed calculator input/output/test receipts.
B1.RESULT,B1,False,BLOCKED,BLOCKED,EXTERNAL_INPUT_REFERENCE_OR_ACCEPTANCE,No fixed real instrument-DI fixture in the release bundles,A source-bound real-DI fixture with identity/provenance is required.,Acquire real input; hash/identity validation can then run automatically.
B10.RESULT,B10,True,BLOCKED,BLOCKED,EXTERNAL_INPUT_REFERENCE_OR_ACCEPTANCE,Synthetic binary/audio roundtrips,No required real-DI audio save/restore comparison.,Run the actual fixture roundtrip; do not substitute synthetic snapshots.
B11.RESULT,B11,True,BLOCKED,BLOCKED,EXTERNAL_INPUT_REFERENCE_OR_ACCEPTANCE,Windows synthetic VST3 lifecycle harness,No commercial Windows host acceptance evidence.,Run required load/editor/remove/reopen/exit cases in actual hosts.
B12.RESULT,B12,False,BLOCKED,BLOCKED,EXTERNAL_INPUT_REFERENCE_OR_ACCEPTANCE,Hosted UI and VST3 harness only,No Studio One 8 acceptance evidence.,Run exact-build Studio One 8 acceptance and retain results.
B13.RESULT,B13,True,BLOCKED,BLOCKED,EXTERNAL_INPUT_REFERENCE_OR_ACCEPTANCE,Short synthetic stress/lifecycle cases,No required 30-minute host soak.,Execute and retain actual host soak evidence.
B14.RESULT,B14,True,BLOCKED,BLOCKED,EXTERNAL_INPUT_REFERENCE_OR_ACCEPTANCE,Candidate assembly already satisfies A13.07,No complete acceptance set for a release candidate verdict.,Aggregate unchanged release prerequisites after external evidence exists.
B2.RESULT,B2,False,BLOCKED,BLOCKED,EXTERNAL_INPUT_REFERENCE_OR_ACCEPTANCE,Only synthetic signature regressions,No required same-DI signature renders.,Render each required signature using the same approved real-DI fixture.
B3.RESULT,B3,False,BLOCKED,BLOCKED,EXTERNAL_INPUT_REFERENCE_OR_ACCEPTANCE,Synthetic DSP measurements only,No measurements on the required real-DI render set.,Compute frozen metrics from bound real-DI renders.
B4.H1,B4,True,BLOCKED,BLOCKED,EXTERNAL_INPUT_REFERENCE_OR_ACCEPTANCE,Frozen metric policy; synthetic regression only,No measured real-DI inputs for H1-H4.,Evaluate unchanged hard gates after actual fixture/render evidence exists.
B4.H2,B4,True,BLOCKED,BLOCKED,EXTERNAL_INPUT_REFERENCE_OR_ACCEPTANCE,Frozen metric policy; synthetic regression only,No measured real-DI inputs for H1-H4.,Evaluate unchanged hard gates after actual fixture/render evidence exists.
B4.H3,B4,True,BLOCKED,BLOCKED,EXTERNAL_INPUT_REFERENCE_OR_ACCEPTANCE,Frozen metric policy; synthetic regression only,No measured real-DI inputs for H1-H4.,Evaluate unchanged hard gates after actual fixture/render evidence exists.
B4.H4,B4,True,BLOCKED,BLOCKED,EXTERNAL_INPUT_REFERENCE_OR_ACCEPTANCE,Frozen metric policy; synthetic regression only,No measured real-DI inputs for H1-H4.,Evaluate unchanged hard gates after actual fixture/render evidence exists.
B5.RESULT,B5,False,BLOCKED,BLOCKED,EXTERNAL_INPUT_REFERENCE_OR_ACCEPTANCE,Synthetic evaluator regression,No measured real-DI inputs for secondary gates.,Evaluate unchanged secondary gates on actual evidence.
B6.RESULT,B6,True,BLOCKED,BLOCKED,EXTERNAL_INPUT_REFERENCE_OR_ACCEPTANCE,Synthetic evaluator regression,No actual signature benchmark verdict.,Compute verdict from complete real-DI evidence under unchanged thresholds.
B8.RESULT,B8,False,BLOCKED,BLOCKED,EXTERNAL_INPUT_REFERENCE_OR_ACCEPTANCE,No listening record in these bundles,Human same-DI level-matched listening acceptance.,Retain source/fixture-bound listening decisions; never infer from CTest.
E1.DSP,E1,True,BLOCKED,PASS,AUTO_CONNECT_NOW,"Hash-bound configured CTest inventory, JUnit status and scoped LastTest.log sub-suite output",Existing implementation and compatibility assertions are exercised.,Connect only the three explicit E1 contracts; E2 remains blocked.
E1.LEGACY,E1,True,BLOCKED,PASS,AUTO_CONNECT_NOW,"Hash-bound configured CTest inventory, JUnit status and scoped LastTest.log sub-suite output",Existing implementation and compatibility assertions are exercised.,Connect only the three explicit E1 contracts; E2 remains blocked.
E1.STATE_UI,E1,True,BLOCKED,PASS,AUTO_CONNECT_NOW,"Hash-bound configured CTest inventory, JUnit status and scoped LastTest.log sub-suite output",Existing implementation and compatibility assertions are exercised.,Connect only the three explicit E1 contracts; E2 remains blocked.
E2.CALIBRATION,E2,True,BLOCKED,BLOCKED,EXTERNAL_INPUT_REFERENCE_OR_ACCEPTANCE,E670FE native synthetic tests; documentary manifest,"No exact capture/calibration, resolved hardware T.D. EQ or same-DI acceptance.",Obtain required reference/measurement/listening evidence; E1 never substitutes E2.
E2.SAME_DI,E2,True,BLOCKED,BLOCKED,EXTERNAL_INPUT_REFERENCE_OR_ACCEPTANCE,E670FE native synthetic tests; documentary manifest,"No exact capture/calibration, resolved hardware T.D. EQ or same-DI acceptance.",Obtain required reference/measurement/listening evidence; E1 never substitutes E2.
E2.TD_EQ,E2,True,BLOCKED,BLOCKED,EXTERNAL_INPUT_REFERENCE_OR_ACCEPTANCE,E670FE native synthetic tests; documentary manifest,"No exact capture/calibration, resolved hardware T.D. EQ or same-DI acceptance.",Obtain required reference/measurement/listening evidence; E1 never substitutes E2.
I2.GATE_DI,I2,True,BLOCKED,BLOCKED,EXTERNAL_INPUT_REFERENCE_OR_ACCEPTANCE,Synthetic I1 checks only,"Real-instrument Gate, controlled UI/audio timing or commercial DAW live-removal acceptance is missing.",Run the relevant real-input/workstation/host protocol and preserve bound evidence.
I2.LIVE_REMOVE_DAW,I2,True,BLOCKED,BLOCKED,EXTERNAL_INPUT_REFERENCE_OR_ACCEPTANCE,Synthetic I1 checks only,"Real-instrument Gate, controlled UI/audio timing or commercial DAW live-removal acceptance is missing.",Run the relevant real-input/workstation/host protocol and preserve bound evidence.
I2.UI_AUDIO_TIMING,I2,True,BLOCKED,BLOCKED,EXTERNAL_INPUT_REFERENCE_OR_ACCEPTANCE,Synthetic I1 checks only,"Real-instrument Gate, controlled UI/audio timing or commercial DAW live-removal acceptance is missing.",Run the relevant real-input/workstation/host protocol and preserve bound evidence.
