type,name,variant,hz,growth_24db_input_db,thd_h2_h12_at_minus36_ratio,peak_dbfs
original,default,,100,0.5171000328704558,0.14019668379723102,-5.572878408489497
original,default,,400,1.3022181185292965,0.5985957872681853,-5.572878408489497
original,default,,1200,0.8364675959083918,0.6565372105033931,-5.572878408489497
original,gain_max,,100,-0.1581461467756924,0.13532221088587568,-5.016618772862803
original,gain_max,,400,0.7390455076734348,0.6293043528649772,-5.016618772862803
original,gain_max,,1200,0.3215772620412398,0.6698719446013283,-5.016618772862803
original,fenrir,,100,2.7168611798793787,0.08488367399171004,-6.306254258739832
original,fenrir,,400,1.778060959323101,0.571555806304035,-6.306254258739832
original,fenrir,,1200,1.1705816242488076,0.5650367858173315,-6.306254258739832
original,surtr,,100,-0.195782371668205,0.17686578280281245,-5.453130732759779
original,surtr,,400,0.4557420302705726,0.6130900191225443,-5.453130732759779
original,surtr,,1200,0.1590457532642553,0.6163561098730632,-5.453130732759779
original,nidhoggr,,100,0.9295557944670207,0.1591005723667321,-4.853131718097889
original,nidhoggr,,400,1.8314113970769483,0.5732121913071758,-4.853131718097889
original,nidhoggr,,1200,1.5284156503697446,0.7094346321246229,-4.853131718097889
original,fimbulvetr,,100,1.8277514084856925,0.20233037941410006,-6.345234978013452
original,fimbulvetr,,400,2.2030893741569724,0.40305219927272334,-6.345234978013452
original,fimbulvetr,,1200,2.5917980221570946,0.6237758935265288,-6.345234978013452
original,ragnarok,,100,-0.13592384945229696,0.15009833769212086,-3.58155695008116
original,ragnarok,,400,0.9186447126551442,0.6903926470592272,-3.58155695008116
original,ragnarok,,1200,0.3872734208697963,0.8056803806570881,-3.58155695008116
original,clank_0,,100,0.28765621695147203,0.20171423911188038,-4.951510454330337
original,clank_0,,400,1.2346838037997152,0.6099644955499758,-4.951510454330337
original,clank_0,,1200,0.8186214933591103,0.6556356960300594,-4.951510454330337
original,clank_1,,100,1.3843180948255416,0.10614752298232968,-5.356907968116952
original,clank_1,,400,1.3777239835441684,0.5847325722063608,-5.356907968116952
original,clank_1,,1200,0.8563171547417436,0.6567473503466811,-5.356907968116952
original,crush_0,,100,19.026439924869255,0.013431874004189912,-10.252879025499922
original,crush_0,,400,15.780436783407076,0.05776468840334569,-10.252879025499922
original,crush_0,,1200,15.729474592901418,0.08786278829829174,-10.252879025499922
original,crush_1,,100,-0.2130109736575303,0.18033277619934243,-4.7896831616276
original,crush_1,,400,0.4503436630392841,0.647382726070486,-4.7896831616276
original,crush_1,,1200,0.14258701358182968,0.6910922819219016,-4.7896831616276
original,impact_0,,100,0.7039489864352362,0.1763097233873625,-7.445270781062049
original,impact_0,,400,0.9773987428498803,0.49112028769158966,-7.445270781062049
original,impact_0,,1200,0.7256039309971243,0.5393957092914279,-7.445270781062049
original,impact_1,,100,0.4311867886675671,0.12729554132264784,-4.024816779782327
original,impact_1,,400,1.516205357335945,0.6674361596850481,-4.024816779782327
original,impact_1,,1200,0.8994415323110516,0.7282872425795958,-4.024816779782327
original,rot_0,,100,0.45502834155987415,0.13968913533431312,-6.655504127824409
original,rot_0,,400,1.1135523162181968,0.564807385911088,-6.655504127824409
original,rot_0,,1200,0.7099812690173124,0.5884479554860602,-6.655504127824409
original,rot_1,,100,0.7600146647014814,0.14491637709683985,-3.493558447806118
original,rot_1,,400,1.7436562385246663,0.6525859377010197,-3.493558447806118
original,rot_1,,1200,1.161711192346667,0.7694993822542835,-3.493558447806118
original,bloom_0,,100,0.9466722323324426,0.11395103681874301,-5.079950440115709
original,bloom_0,,400,1.4211904953729615,0.6603628538489045,-5.079950440115709
original,bloom_0,,1200,0.7451903068402856,0.6149069112775,-5.079950440115709
original,bloom_1,,100,0.4675934109540574,0.19913902219560364,-5.5697349887223915
original,bloom_1,,400,1.0927534523964972,0.4980739457258984,-5.5697349887223915
original,bloom_1,,1200,1.020913619179824,0.7433813473358135,-5.5697349887223915
NAM,735033,digital_equal,100,-0.11985817670921506,0.14998566950933695,-8.600658839035555
NAM,735033,digital_equal,400,0.5335616544126331,0.9491601280482729,-8.600658839035555
NAM,735033,digital_equal,1200,-0.06433450259593698,0.7103806339598101,-8.600658839035555
NAM,735012,digital_equal,100,-0.03147778784810029,0.18794655230256915,-7.635165564918872
NAM,735012,digital_equal,400,0.11023883899472153,0.6251725038615643,-7.635165564918872
NAM,735012,digital_equal,1200,-0.2341777415386197,0.42911925528661155,-7.635165564918872
NAM,734757,digital_equal,100,-0.40042201363893426,0.2418382259258622,-10.310710598867516
NAM,734757,digital_equal,400,-0.07549585717371343,0.8727912088570338,-10.310710598867516
NAM,734757,digital_equal,1200,0.17135586052335583,0.42084654006284117,-10.310710598867516
NAM,734756,digital_equal,100,-0.42612788827137926,0.14250796532864018,-6.906175307826152
NAM,734756,digital_equal,400,-0.06789979697472504,0.8023570845231905,-6.906175307826152
NAM,734756,digital_equal,1200,0.08598442502438886,0.812855727355904,-6.906175307826152
NAM,734717,digital_equal,100,-0.23620971909392807,0.11526107605359687,-6.661220623602606
NAM,734717,digital_equal,400,0.3635271071519135,0.7096976550445783,-6.661220623602606
NAM,734717,digital_equal,1200,-0.02548752336951665,1.026895678355276,-6.661220623602606
NAM,734449,digital_equal,100,-0.03886705874521468,0.1864474061527052,-8.034020033076548
NAM,734449,digital_equal,400,0.16746614588724995,0.6118135757673486,-8.034020033076548
NAM,734449,digital_equal,1200,-0.17450699574951756,0.419056374885824,-8.034020033076548
NAM,420066,digital_equal,100,7.676992680433047,0.07100583065372323,-5.804483433317877
NAM,420066,digital_equal,400,0.4367130713342604,0.6359436476768466,-5.804483433317877
NAM,420066,digital_equal,1200,-0.5745095258753103,1.0131368474643627,-5.804483433317877
NAM,420065,digital_equal,100,12.923372345132961,0.02186649121556486,-3.2162222438784354
NAM,420065,digital_equal,400,0.5286294925054058,0.9149223835931073,-3.2162222438784354
NAM,420065,digital_equal,1200,0.08541430034119557,1.1416277671008808,-3.2162222438784354
NAM,569473,digital_equal,100,0.09078181657854323,0.18432353685689973,-2.789904682430833
NAM,569473,digital_equal,400,-0.48851217715229467,0.7864419538810612,-2.789904682430833
NAM,569473,digital_equal,1200,-0.3435255820751628,0.6876649127328848,-2.789904682430833
NAM,569473,metadata_11_5_dbu,100,4.774791581337464,0.15499405606530373,-2.5476035757051156
NAM,569473,metadata_11_5_dbu,400,-0.32511565634443684,0.7659730884445463,-2.5476035757051156
NAM,569473,metadata_11_5_dbu,1200,-0.8667276351416362,0.6505829883971587,-2.5476035757051156
NAM,569474,digital_equal,100,-1.0281785459145585,0.1141680364918242,-4.073809760514465
NAM,569474,digital_equal,400,-0.37409557017857864,0.8982205249677577,-4.073809760514465
NAM,569474,digital_equal,1200,-0.14077079313369012,0.7939865835336218,-4.073809760514465
NAM,569474,metadata_11_5_dbu,100,3.264505759545809,0.10312567908983325,-3.9244279545771303
NAM,569474,metadata_11_5_dbu,400,-0.49628935689763054,0.8903834983116309,-3.9244279545771303
NAM,569474,metadata_11_5_dbu,1200,-0.7247929565004441,0.7561508639764073,-3.9244279545771303
NAM,569477,digital_equal,100,8.89884843274631,0.25222675365202246,-4.243746646850319
NAM,569477,digital_equal,400,-0.6048148955952524,0.6503400511769365,-4.243746646850319
NAM,569477,digital_equal,1200,-0.5350297025587025,0.5275149090870666,-4.243746646850319
NAM,569477,metadata_11_5_dbu,100,17.06247048663402,0.2544552815598293,-4.331352379885412
NAM,569477,metadata_11_5_dbu,400,0.04407071056419909,0.6073781286748771,-4.331352379885412
NAM,569477,metadata_11_5_dbu,1200,-0.8136444431164644,0.5082496417723987,-4.331352379885412
NAM,652432,digital_equal,100,12.783183043140196,0.026894447969732352,-5.382219597407548
NAM,652432,digital_equal,400,1.9825256372461517,0.6272314705064547,-5.382219597407548
NAM,652432,digital_equal,1200,0.30785271033694883,0.8897789026001778,-5.382219597407548
NAM,652433,digital_equal,100,15.053997903043316,0.009635756888761839,-3.313765872720597
NAM,652433,digital_equal,400,7.774275694704368,0.5050918210187316,-3.313765872720597
NAM,652433,digital_equal,1200,2.307107608787618,0.8184447228207491,-3.313765872720597
NAM,652434,digital_equal,100,6.444961773211885,0.062155305796887085,-8.833178725397152
NAM,652434,digital_equal,400,1.2846767810457393,0.6446526823123849,-8.833178725397152
NAM,652434,digital_equal,1200,0.42613052449467403,0.7875150144791702,-8.833178725397152
NAM,652435,digital_equal,100,3.0811366765945056,0.10445541179952117,-7.961966474978723
NAM,652435,digital_equal,400,1.061715198506569,0.6239268152458733,-7.961966474978723
NAM,652435,digital_equal,1200,0.24837655396716585,0.7935307930316908,-7.961966474978723
NAM,652436,digital_equal,100,1.6756183079052107,0.1111792445519472,-5.371602942759618
NAM,652436,digital_equal,400,1.5207188276650072,0.6060089861181855,-5.371602942759618
NAM,652436,digital_equal,1200,0.6210688868525054,0.7848200726554647,-5.371602942759618
NAM,652437,digital_equal,100,1.420709390110071,0.10031427021254503,-5.742863651275526
NAM,652437,digital_equal,400,1.5785719978621557,0.6495192284581323,-5.742863651275526
NAM,652437,digital_equal,1200,0.517126851090886,0.7951393574347027,-5.742863651275526
NAM,403977,digital_equal,100,3.704849981553311,0.07684612906594045,-7.159707504162274
NAM,403977,digital_equal,400,1.7802209879398525,1.065185934045832,-7.159707504162274
NAM,403977,digital_equal,1200,-0.12861238199603164,0.841368143047208,-7.159707504162274
NAM,421075,digital_equal,100,3.9597189201016114,0.05404791272656821,-7.79739122784817
NAM,421075,digital_equal,400,2.074879927705293,0.9999475095037652,-7.79739122784817
NAM,421075,digital_equal,1200,0.37552467259033406,0.7983263012742423,-7.79739122784817
NAM,421074,digital_equal,100,3.3865772860348073,0.06422833562530454,-6.9499257430806445
NAM,421074,digital_equal,400,2.5986328660804254,0.9941739617384524,-6.9499257430806445
NAM,421074,digital_equal,1200,0.38819082410336847,0.8216711928986563,-6.9499257430806445
NAM,614727,digital_equal,100,1.36486026884657,0.22372137186676774,-10.601102563352507
NAM,614727,digital_equal,400,1.1153367495819424,0.4305127269431456,-10.601102563352507
NAM,614727,digital_equal,1200,0.6039172445692991,0.9542465026693372,-10.601102563352507
NAM,614703,digital_equal,100,23.624803362381883,0.006558442003859213,-11.301026476138487
NAM,614703,digital_equal,400,23.368927492867098,0.012358743647828407,-11.301026476138487
NAM,614703,digital_equal,1200,22.52399328613428,0.06914552962916407,-11.301026476138487
NAM,561845,digital_equal,100,0.5660915792769181,0.2454329623466357,-10.89972839741582
NAM,561845,digital_equal,400,0.8861579237145456,0.3840688566214702,-10.89972839741582
NAM,561845,digital_equal,1200,0.8870163269667906,0.747791104550642,-10.89972839741582
NAM,561843,digital_equal,100,23.56497910738244,0.010814293740646363,-12.021916527826699
NAM,561843,digital_equal,400,22.882664495150088,0.020106139676950855,-12.021916527826699
NAM,561843,digital_equal,1200,22.34983888244453,0.053772088219609,-12.021916527826699
NAM,543855,digital_equal,100,23.51777622792471,0.021903132929625445,-11.97652952058013
NAM,543855,digital_equal,400,22.64687114901731,0.016621019672812678,-11.97652952058013
NAM,543855,digital_equal,1200,22.508413982528786,0.06108809434159973,-11.97652952058013
NAM,543854,digital_equal,100,0.47564634178795373,0.2512491973088113,-10.420224733055019
NAM,543854,digital_equal,400,0.8002721077014314,0.3839613612058014,-10.420224733055019
NAM,543854,digital_equal,1200,0.8752453968140621,0.7307519072926322,-10.420224733055019
